id,url,domin
1,https://comunidad.madrid#main-content,comunidad.madrid
2,https://www.comunidad.madrid/gobierno/recursos-medios-comunicacion,comunidad.madrid
3,https://www.comunidad.madrid/servicios/atencion-ciudadano/,comunidad.madrid
4,https://www.comunidad.madrid/plan-vive,comunidad.madrid
5,https://comunidad.madrid/plancontralasdrogas,comunidad.madrid
6,https://www.comunidad.madrid/servicios/educacion/becas-primer-ciclo-educacion-infantil-centros-privados-autorizados,comunidad.madrid
7,https://comunidad.madrid/navidad-sol,comunidad.madrid
8,https://comunidad.madrid/gobierno,comunidad.madrid
9,https://comunidad.madrid/inversion,comunidad.madrid
10,https://comunidad.madrid/cultura,comunidad.madrid
1,https://toyota.com,toyota.com
2,https://toyota.com/configurator/build/step/model/year/2026/series/corolla/,toyota.com
3,https://toyota.com/corolla/2026/,toyota.com
4,https://toyota.com/search-inventory/,toyota.com
5,https://toyota.com/tundra/,toyota.com
6,https://toyota.com/local-specials/series/tundra/year/2026/incentiveid/tundra_apr_19e3e417-036b-4cdf-8054-d4b5d5cd9f4d/?zipcode=90012,toyota.com
7,https://toyota.com/tundra/awards,toyota.com
8,https://toyota.com/payment-estimator/?series=tundra&year=2026,toyota.com
9,https://toyota.com/local-specials/?vehicles=tundra,toyota.com
10,https://toyota.com/espanol/tundra/,toyota.com
1,https://www.jointherealworld.com/,jointherealworld.com
2,https://jointherealworld.com/blog,jointherealworld.com
3,https://jointherealworld.com/video,jointherealworld.com
4,https://www.jointherealworld.com/downloads,jointherealworld.com
5,https://www.jointherealworld.com/fitness-campus,jointherealworld.com
6,https://www.jointherealworld.com/e-commerce-campus,jointherealworld.com
7,https://www.jointherealworld.com/altcoin-trading-campus,jointherealworld.com
8,https://www.jointherealworld.com/crypto-campus,jointherealworld.com
9,https://www.jointherealworld.com/copywriting-campus,jointherealworld.com
10,https://www.jointherealworld.com/cc-campus,jointherealworld.com
1,https://mahkamahagung.go.id/id/keputusan,mahkamahagung.go.id
2,https://mahkamahagung.go.id/id/pengumuman,mahkamahagung.go.id
3,https://mahkamahagung.go.id/id/berita,mahkamahagung.go.id
4,http://kepaniteraan.mahkamahagung.go.id/perkara/,mahkamahagung.go.id
5,https://mahkamahagung.go.id/en,mahkamahagung.go.id
6,https://mahkamahagung.go.id/id,mahkamahagung.go.id
7,http://perpustakaan.mahkamahagung.go.id/,mahkamahagung.go.id
8,https://siwas.mahkamahagung.go.id/,mahkamahagung.go.id
9,https://mahkamahagung.go.id/id/pengumuman/7064/pengumuman-seleksi-terbuka-pengisian-jabatan-pimpinan-tinggi-madya-dan-pratama-pada-mahkamah-agung-ri-tahun-2025,mahkamahagung.go.id
10,https://mahkamahagung.go.id/id/pengumuman/7066/pedoman-pelaksanaan-pengadaan-mesin-fotokopi-tahun-2026,mahkamahagung.go.id
1,https://hirstart.hu/legolvasottabb_50_hir.php,hirstart.hu
2,https://hirstart.hu/hirtar.php,hirstart.hu
3,https://hirstart.hu/sajathirlap.php,hirstart.hu
4,https://hirstart.hu/megyek.php,hirstart.hu
5,https://hirstart.hu/kategoriak.php,hirstart.hu
6,https://hirstart.hu/osszes_mai_hir.php,hirstart.hu
7,https://hirstart.hu/valasztas.php,hirstart.hu
8,https://hirstart.hu/vezeto.php,hirstart.hu
9,https://www.hirstart.hu/hk/20251217_253_palyamuvel_lezarult_az_ev_honlapja_2025_neve,hirstart.hu
10,https://www.hirstart.hu/hk/20251217_vitezy_david_sajat_lazar_janost_kapott_karacsonyra,hirstart.hu
1,https://tving.com/,tving.com
2,https://www.tving.com/help/qna?movePage=/help/qna,tving.com
3,http://team.tving.com,tving.com
4,https://www.tving.com/event/list?movePage=/event/list,tving.com
5,https://www.tving.com/policy/legal,tving.com
6,https://www.tving.com/policy/youth,tving.com
7,https://www.tving.com/policy/privacy,tving.com
8,https://www.tving.com/policy/terms,tving.com
9,https://www.tving.com/help,tving.com
10,http://bill.tving.com/bill/registCoupon.tving?isMoWeb=Y,tving.com
1,http://www2.ccb.com/chn/2022-05/19/article_2022061023171296350.shtml,ccb.com
2,http://ebank1.ccb.com/chn/home/ebank/personal/help/load/index.shtml,ccb.com
3,http://www.ccb.com/chn/home/customer_service/customer_service.shtml#tw,ccb.com
4,http://www.ccb.com/cn/home/customer_service/customer_service.html,ccb.com
5,https://ccb.com/chn/attachDir/2024/04/2024042623534479687.jpg,ccb.com
6,https://ccb.com/chn/imageDir/2022/07/2022071311033722409.png,ccb.com
7,https://ccb.com/chn/imageDir/2022/07/2022071311030533322.png,ccb.com
8,https://ccb.com/chn/imageDir/2022/07/2022071218060144254.jpg,ccb.com
9,https://ccb.com/chn/group/esg/index.shtml,ccb.com
10,http://www.ccb.com/cn/investor/indexv3.html,ccb.com
1,https://www.meteo.pl/2023-10-07#cmplz-manage-consent-container,meteo.pl
2,https://www.meteo.pl/kontakt,meteo.pl
3,https://www.meteo.pl/slownik-pojec,meteo.pl
4,https://www.meteo.pl/o-nas,meteo.pl
5,https://old.meteo.pl,meteo.pl
6,https://www.meteo.pl/flopres,meteo.pl
7,https://www.meteo.pl/projekty,meteo.pl
8,https://www.meteo.pl/oferta,meteo.pl
9,https://www.meteo.pl/aktualnosci,meteo.pl
10,https://www.meteo.pl/mapy,meteo.pl
1,https://rock.porn/,rock.porn
2,https://rock.porn/videos/102936/i-fuck-my-teen-pretty-face-roommate-and-i-cum-in-her-mouth-sexy-fuck-lia-lin/,rock.porn
3,https://rock.porn/videos/102947/friends-wife-indian-village-marriage-anniversary-gift-after-pusssy-playing/,rock.porn
4,https://rock.porn/videos/102827/dicking-down-my-whore-in-the-kitchen-until-she-orgasm-creampie-and-cumshot/,rock.porn
5,https://rock.porn/videos/102764/you-are-taking-every-inch-of-this-big-strapon/,rock.porn
6,https://rock.porn/videos/103113/big-tit-milf-gets-her-pussy-pounded-by-daughter-s-friend/,rock.porn
7,https://rock.porn/videos/102702/tastes-like-a-milkshake-facial-and-cum-swallow-compilation-part-1/,rock.porn
8,https://rock.porn/videos/102712/lecturer-caught-fucking-l100-18yo-student/,rock.porn
9,https://rock.porn/videos/102981/cuckold-girlfriend-fucks-her-boyfriend-s-brother-danner-mendez-luna-vitaler/,rock.porn
10,https://rock.porn/videos/102876/bbw-milf-wife-with-natural-big-tits-have-unprotected-cheating-sex-right-in-front-her-cuckold-husband/,rock.porn
1,https://www.asus.com/content/Accessibility-Policy/,asus.com
2,https://www.asus.com/displays-desktops/tower-pcs/expertcenter/asus-expertcenter-p700-sff-pm700sk/,asus.com
3,https://www.asus.com/laptops/for-home/vivobook/asus-vivobook-s16-s3607q/,asus.com
4,https://www.asus.com/laptops/for-home/zenbook/asus-zenbook-a14-ux3407/,asus.com
5,https://www.asus.com/networking-iot-servers/wifi-7/all-series/rt-be58-go/,asus.com
6,https://www.asus.com/business/laptops/expertbook/,asus.com
7,https://www.asus.com/laptops/for-work/expertbook/asus-expertbook-b3-b3405/,asus.com
8,https://www.asus.com/laptops/for-creators/proart/proart-p16-h7606/,asus.com
9,https://www.asus.com/terms_of_use_notice_privacy_policy/export-control-and-sanctions-compliance,asus.com
10,https://www.asus.com/laptops/for-work/expertbook/,asus.com
1,https://w4nkr.com/,w4nkr.com
2,https://w4nkr.com/categories/brunette/,w4nkr.com
3,https://w4nkr.com/categories/milf/,w4nkr.com
4,https://w4nkr.com/categories/blonde/,w4nkr.com
5,https://w4nkr.com/categories/cumshot/,w4nkr.com
6,https://w4nkr.com/categories/babe/,w4nkr.com
7,https://w4nkr.com/categories/teen-18/,w4nkr.com
8,https://w4nkr.com/categories/hardcore/,w4nkr.com
9,https://w4nkr.com/categories/big-tits/,w4nkr.com
10,https://w4nkr.com/video/63985/richelle-massive-richelle-ryan/,w4nkr.com
1,https://www.gamespot.com/articles/arc-raiders-candleberries-guide/1100-6536953/,gamespot.com
2,https://gamespot.com/deals/tech/,gamespot.com
3,https://gamespot.com/deals/games/,gamespot.com
4,https://gamespot.com/deals/,gamespot.com
5,https://www.gamespot.com/gallery/best-xbox-game-pass-games/2900-4001/,gamespot.com
6,https://www.gamespot.com/gallery/best-pc-games/2900-4143/,gamespot.com
7,https://www.gamespot.com/gallery/best-xbox-series-x-games/2900-3818/,gamespot.com
8,https://www.gamespot.com/gallery/best-ps5-games/2900-3832/,gamespot.com
9,https://www.gamespot.com/gallery/best-nintendo-switch-games/2900-3828/,gamespot.com
10,https://www.gamespot.com/gallery/best-nintendo-switch-2-games/2900-6618/,gamespot.com
1,https://caranddriver.com/search/,caranddriver.com
2,https://caranddriver.com#main-content,caranddriver.com
3,https://caranddriver.com/about/a42158462/do-not-sell-my-personal-information/,caranddriver.com
4,https://www.caranddriver.com/email/caranddriver-newsletter,caranddriver.com
5,https://www.caranddriver.com/about/a41711746/about-us-contact-information-masthead/,caranddriver.com
6,https://store.caranddriver.com/car-and-driver-magazine-subscription.html?source=cdb_hamburger,caranddriver.com
7,https://www.caranddriver.com/videos/,caranddriver.com
8,https://caranddriver.com/podcasts/,caranddriver.com
9,https://caranddriver.com/about/a15064611/contact-us/,caranddriver.com
10,https://www.caranddriver.com/new-cars/,caranddriver.com
1,https://wolterskluwer.com/en,wolterskluwer.com
2,https://wolterskluwer.com/pt-pt,wolterskluwer.com
3,https://wolterskluwer.com/pl-pl,wolterskluwer.com
4,https://wolterskluwer.com/nb-no,wolterskluwer.com
5,https://wolterskluwer.com/nl-nl,wolterskluwer.com
6,https://wolterskluwer.com/it-it,wolterskluwer.com
7,https://wolterskluwer.com/hu-hu,wolterskluwer.com
8,https://wolterskluwer.com/de-de,wolterskluwer.com
9,https://wolterskluwer.com/fr-fr,wolterskluwer.com
10,https://wolterskluwer.com/da-dk,wolterskluwer.com
1,https://worksmobile.com/,worksmobile.com
2,https://worksmobile.com/pr/,worksmobile.com
3,https://help.worksmobile.com/ko/,worksmobile.com
4,https://worksmobile.com/partners/,worksmobile.com
5,https://worksmobile.com/contactus/,worksmobile.com
6,http://developers.worksmobile.com,worksmobile.com
7,https://worksmobile.com/integrations/,worksmobile.com
8,https://worksmobile.com/notice/,worksmobile.com
9,https://worksmobile.com/events/,worksmobile.com
10,https://worksmobile.com/video-for-beginner/,worksmobile.com
1,https://layerx.jp/partner/,layerx.jp
2,https://layerx.jp/expense/,layerx.jp
3,https://bakuraku-id.layerx.jp/hc/ja/requests/new?&tf_33118731579801=%E3%83%90%E3%82%AF%E3%83%A9%E3%82%AF%E5%85%B1%E9%80%9A%E7%AE%A1%E7%90%86&tf_33687372730649=%E4%BD%BF%E3%81%84%E6%96%B9%EF%BC%88%E3%82%AB%E3%83%86%E3%82%B4%E3%83%AA%EF%BC%89&tf_subject=%E3%80%8C%E3%83%90%E3%82%AF%E3%83%A9%E3%82%AF%E3%80%8D%E3%82%B7%E3%83%AA%E3%83%BC%E3%82%BA%E3%81%AB%E9%96%A2%E3%81%99%E3%82%8B%E3%81%8A%E5%95%8F%E5%90%88%E3%82%8F%E3%81%9B,layerx.jp
4,https://layerx.jp/contact/,layerx.jp
5,https://layerx.jp/resources/,layerx.jp
6,https://layerx.jp/seminar/,layerx.jp
7,https://layerx.jp/case/,layerx.jp
8,https://layerx.jp/resources/product/resources-series-bakuraku/,layerx.jp
9,https://id.layerx.jp/auth/sign_in,layerx.jp
10,https://layerx.jp/ai/,layerx.jp
1,https://www.wral.com/sports/nc-state-first-bowl-win-since-2017-memphis-gasparilla-bowl-december-2025/,wral.com
2,https://www.wral.com/news/nccapitol/homeowner-tax-relief-bipartisan-committee-nc-property-tax-changes-december-2025/,wral.com
3,https://www.wral.com/business/smith-anderson-raleigh-skyline-december-2025/,wral.com
4,https://www.wral.com/news/education/new-poll-nc-adults-lukewarm-on-schools-december-2025/,wral.com
5,https://www.wral.com/news/local/lumbee-tribe-member-reflects-federal-recognition-nc-senate-approval-december-2025/,wral.com
6,https://www.wral.com/news/state/powerball-jackpot-1-quarter-billion-dec-2025/,wral.com
7,https://www.wral.com/news/local/wake-forest-chamber-commerce-president-resigns-dec-2025/,wral.com
8,https://www.wral.com/news/local/apex-salem-street-streetscape-project-awarded-construction-contract-december-2025/,wral.com
9,https://www.wral.com/video/raleigh-cary-durham-nc-weather-forecast/1076424/,wral.com
10,https://www.wral.com/video/wral-news-plus/20364185/,wral.com
1,https://friday.ru,friday.ru
2,https://sestruha.friday.ru/videos/s3/e8,friday.ru
3,https://smart.friday.ru/videos/s5/e10,friday.ru
4,https://biggirls.friday.ru/videos/s3/e12,friday.ru
5,https://vzavyazke.friday.ru/videos/s1/e5,friday.ru
6,https://zmeyelovy.friday.ru/videos/s1/e9,friday.ru
7,https://show-1.friday.ru/videos/s1/e1,friday.ru
8,https://posadka.friday.ru/videos/s1/e12,friday.ru
9,https://survive36.friday.ru/,friday.ru
10,https://posadka.friday.ru/,friday.ru
1,https://fatcoupon.com/home,fatcoupon.com
2,https://cn.fatcoupon.com,fatcoupon.com
3,https://au.fatcoupon.com,fatcoupon.com
4,https://fatcoupon.com/shopping-categories/others,fatcoupon.com
5,https://fatcoupon.com/shopping-categories/food,fatcoupon.com
6,https://fatcoupon.com/shopping-categories/health,fatcoupon.com
7,https://fatcoupon.com/shopping-categories/sports-outdoors,fatcoupon.com
8,https://fatcoupon.com/shopping-categories/men,fatcoupon.com
9,https://fatcoupon.com/shopping-categories/travel,fatcoupon.com
10,https://fatcoupon.com/shopping-categories/auto,fatcoupon.com
1,https://www.liputan6.com,liputan6.com
2,https://www.liputan6.com/cek-fakta/read/6238907/pp-tunas-menkomdigi-tegaskan-sanksi-hanya-untuk-platform-digital-bukan-orangtua,liputan6.com
3,https://www.liputan6.com/cek-fakta/read/6239075/mulai-1-januari-2026-registrasi-kartu-sim-pakai-pengenal-wajah-simak-tujuannya,liputan6.com
4,https://www.liputan6.com/cek-fakta/read/6239089/cek-fakta-hoaks-artikel-luhut-ancam-keluar-dari-indonesia-jika-china-dilarang-kelola-bandara-morowali,liputan6.com
5,https://www.liputan6.com/cek-fakta/read/6239106/jadwal-lengkap-tanggal-merah-desember-2025-potensi-libur-panjang-akhir-tahun,liputan6.com
6,https://www.liputan6.com/spotlight,liputan6.com
7,https://otosia.liputan6.com,liputan6.com
8,https://www.liputan6.com/feeds,liputan6.com
9,https://en.liputan6.com,liputan6.com
10,https://www.liputan6.com/health,liputan6.com
1,https://radiko.jp/?_escaped_fragment_=%2Ftimeshift,radiko.jp
2,https://radiko.jp/member/regist/interim-regist-auth?event_type=register_premium&_=202512181556,radiko.jp
3,https://radiko.jp/?_escaped_fragment_=%2Ftop,radiko.jp
4,https://radiko.jp/premium,radiko.jp
5,https://news.radiko.jp/,radiko.jp
6,https://radiko.jp/?_escaped_fragment_=%2Flicense,radiko.jp
7,https://radiko.jp/?_escaped_fragment_=%2Fprivacypolicy,radiko.jp
8,https://radiko.jp/?_escaped_fragment_=%2Fguidelines,radiko.jp
9,https://radiko.jp/?_escaped_fragment_=%2Fdistribution_area,radiko.jp
10,https://radiko.jp/?_escaped_fragment_=%2Flistening,radiko.jp
1,https://gendai.media/articles/-/161725,gendai.media
2,https://gendai.media/articles/-/161627,gendai.media
3,https://gendai.media/articles/-/160975,gendai.media
4,https://gendai.media/articles/-/161335?fromRanking=true,gendai.media
5,https://gendai.media/articles/-/161558?fromRanking=true,gendai.media
6,https://gendai.media/articles/-/161049?fromRanking=true,gendai.media
7,https://gendai.media/articles/-/161712?fromRanking=true,gendai.media
8,https://gendai.media/list/tag/money/%E9%9B%A3%E8%A7%A3%E7%95%A5%E8%AA%9E,gendai.media
9,https://gendai.media/list/inquiry?media=mg,gendai.media
10,https://gendai.media/list/genre/gendaibusiness/technology,gendai.media
1,https://numerade.com/,numerade.com
2,https://numerade.com/newsroom/,numerade.com
3,https://www.numerade.com/blog/,numerade.com
4,https://numerade.com/our-educators/,numerade.com
5,https://www.numerade.com/careers/,numerade.com
6,https://numerade.com/our-story/,numerade.com
7,https://numerade.com/mobile_lp,numerade.com
8,https://www.numerade.com/questions/calculate-the-reynolds-number-for-a-fluid-of-density-900-mathrmkg-cdot-mathrmm-3-and-dynamic-visco-3,numerade.com
9,https://numerade.com/login/,numerade.com
10,https://numerade.com/signup/,numerade.com
1,https://cactus-search.com/api/monet-in-out?url=https://walmart.com/&campaignId=00700,cactus-search.com
2,https://cactus-search.com/advertising,cactus-search.com
3,https://cactus-search.com/privacy,cactus-search.com
4,https://cactus-search.com/how-it-works,cactus-search.com
5,https://cactus-search.com/terms,cactus-search.com
6,https://cactus-search.com/imprint,cactus-search.com
7,https://cactus-search.com/api/monet-in-out?url=https://bestbuy.com&campaignId=00700,cactus-search.com
8,https://cactus-search.com/api/monet-in-out?url=https://etsy.com/&campaignId=00700,cactus-search.com
9,https://cactus-search.com/api/monet-in-out?url=https://ulta.com&campaignId=00700,cactus-search.com
10,https://cactus-search.com/api/monet-in-out?url=https://target.com&campaignId=00700,cactus-search.com
1,https://www.programiz.com/privacy-policy,programiz.com
2,https://programiz.com/python-programming/examples?utm_source=programiz.com&utm_medium=referral&utm_audience=ORGANIC-FREEMIUM&utm_campaign=course_promotion&utm_content=interests_learn_python&utm_term=nav_tutorials_banner,programiz.com
3,https://programiz.com/python-programming/examples/leap-year?utm_source=programiz.com&utm_medium=referral&utm_audience=ORGANIC-FREEMIUM&utm_campaign=course_promotion&utm_content=interests_learn_python&utm_term=nav_tutorials_banner,programiz.com
4,https://programiz.com/python-programming/examples/fibonacci-sequence?utm_source=programiz.com&utm_medium=referral&utm_audience=ORGANIC-FREEMIUM&utm_campaign=course_promotion&utm_content=interests_learn_python&utm_term=nav_tutorials_banner,programiz.com
5,https://programiz.com/python-programming/examples/factorial?utm_source=programiz.com&utm_medium=referral&utm_audience=ORGANIC-FREEMIUM&utm_campaign=course_promotion&utm_content=interests_learn_python&utm_term=nav_tutorials_banner,programiz.com
6,https://programiz.com/python-programming/examples/prime-number?utm_source=programiz.com&utm_medium=referral&utm_audience=ORGANIC-FREEMIUM&utm_campaign=course_promotion&utm_content=interests_learn_python&utm_term=nav_tutorials_banner,programiz.com
7,https://programiz.com/python-programming/examples/add-number?utm_source=programiz.com&utm_medium=referral&utm_audience=ORGANIC-FREEMIUM&utm_campaign=course_promotion&utm_content=interests_learn_python&utm_term=nav_tutorials_banner,programiz.com
8,https://programiz.com/python-programming?utm_source=programiz.com&utm_medium=referral&utm_audience=ORGANIC-FREEMIUM&utm_campaign=course_promotion&utm_content=interests_learn_python&utm_term=nav_tutorials_banner,programiz.com
9,https://programiz.com/python-programming/dictionary?utm_source=programiz.com&utm_medium=referral&utm_audience=ORGANIC-FREEMIUM&utm_campaign=course_promotion&utm_content=interests_learn_python&utm_term=nav_tutorials_banner,programiz.com
10,https://programiz.com/python-programming/list?utm_source=programiz.com&utm_medium=referral&utm_audience=ORGANIC-FREEMIUM&utm_campaign=course_promotion&utm_content=interests_learn_python&utm_term=nav_tutorials_banner,programiz.com
1,https://cloudinary.com/,cloudinary.com
2,https://cloudinary.com/contact,cloudinary.com
3,https://cloudinary.com/solutions/cloudinary-for-startups,cloudinary.com
4,https://cloudinary.com/solutions/industries/cloudinary-for-nonprofits,cloudinary.com
5,https://cloudinary.com/solutions/industries/travel_hospitality,cloudinary.com
6,https://cloudinary.com/solutions/retail,cloudinary.com
7,https://cloudinary.com/solutions/industries/media_entertainment,cloudinary.com
8,https://cloudinary.com/solutions/product-and-engineering-teams,cloudinary.com
9,https://cloudinary.com/solutions/marketing-teams,cloudinary.com
10,https://cloudinary.com/solutions/it-teams,cloudinary.com
1,https://lobograd.unm.edu/,unm.edu
2,https://nso.unm.edu/,unm.edu
3,https://unm.edu/welcome/unm-by-the-numbers.html,unm.edu
4,https://admissions.unm.edu/visit-us/index.html,unm.edu
5,https://financialaid.unm.edu/,unm.edu
6,https://admissions.unm.edu/costs-financial-aid/index.html,unm.edu
7,https://unm.edu/apply/,unm.edu
8,https://unm.edu/faculty-and-staff/index.html,unm.edu
9,https://unm.edu/parents-families/index.html,unm.edu
10,https://unm.edu/alumni-donors/index.html,unm.edu
1,https://www.estadao.com.br/,estadao.com.br
2,https://www.estadao.com.br/esportes/futebol/campeonatos/,estadao.com.br
3,https://www.estadao.com.br/esportes/,estadao.com.br
4,https://www.estadao.com.br/blogs-e-colunas/busca/?token=%7B%22ed%22:%22cultura%22%7D,estadao.com.br
5,https://www.estadao.com.br/cultura/televisao/,estadao.com.br
6,https://www.estadao.com.br/cultura/teatro-danca/,estadao.com.br
7,https://www.estadao.com.br/cultura/series/,estadao.com.br
8,https://www.estadao.com.br/cultura/alice-ferraz/,estadao.com.br
9,https://www.estadao.com.br/link/mauricio-benvenutti/,estadao.com.br
10,https://www.estadao.com.br/link/felipe-matos/,estadao.com.br
1,https://pes09.hatenablog.com/entry/2025/12/13/%E8%B2%B7%E3%81%A3%E3%81%A6%E3%82%88%E3%81%8B%E3%81%A3%E3%81%9F2025,hatenablog.com
2,https://kumaotaku.hatenablog.com/entry/2025/12/11/144501,hatenablog.com
3,https://sakanatoniku.hatenablog.com/entry/2025/12/14/170000,hatenablog.com
4,https://re-11colors.hatenablog.com/entry/2025/12/12/190928,hatenablog.com
5,https://niko-25.hatenablog.com/entry/2025/12/13/235923,hatenablog.com
6,https://fujio0311.hatenablog.com/entry/2025/12/13/071041,hatenablog.com
7,https://inchang.hatenablog.com/entry/2025/12/15/123000,hatenablog.com
8,https://mih0o0o0.hatenablog.com/entry/2025/12/11/183514,hatenablog.com
9,https://mimomimorial.hatenablog.com/entry/2025/12/15/210019,hatenablog.com
10,https://studio-unicorn.hatenablog.com/entry/2025/12/14/171340,hatenablog.com
1,https://hotmovs.com/videos/6738349/wife-fucked-by-intruder/,hotmovs.com
2,https://hotmovs.com/videos/10668575/newly-married-girl-not-happy-with-husband-small-dick-so-decide-to-take-a-big-dick-hindi-audio/,hotmovs.com
3,https://hotmovs.com/videos/12039855/434739204723472398/,hotmovs.com
4,https://hotmovs.com/videos/11004387/bengali-hot-star-fucked-by-her-boyfriend-hard-tina-and-rahul/,hotmovs.com
5,https://hotmovs.com/videos/12067017/desi-indian-girl-hardcore-sex-with-my-hot-girl-friend-when-we-shared-bedroom/,hotmovs.com
6,https://hotmovs.com/videos/9738601/kanchan-aunty-e3-clip-5-with-daphne-rosen-and-jaylene-rio/,hotmovs.com
7,https://hotmovs.com/most-popular/,hotmovs.com
8,https://hotmovs.com/videos/11797687/brazilian-milf-belinha-baracho-hardcore-5-on-1-gangbang-with-dap-and-piss-drinking-pissvids/,hotmovs.com
9,https://hotmovs.com/videos/12713987/hottest-sex-exclusive-watch-show/,hotmovs.com
10,https://hotmovs.com/videos/4397599/mullah-performing-ruqyah/,hotmovs.com
1,https://golfdigest.co.jp,golfdigest.co.jp
2,https://myp.golfdigest.co.jp/myp/mygdotop.aspx,golfdigest.co.jp
3,https://www.golfdigest.co.jp/scoreapp/applp/,golfdigest.co.jp
4,https://news.golfdigest.co.jp/tournament/lp/app201407.html,golfdigest.co.jp
5,https://reserve.golfdigest.co.jp/sp/app/lp/,golfdigest.co.jp
6,https://shop.golfdigest.co.jp/shopapp/applp/,golfdigest.co.jp
7,https://score.golfdigest.co.jp/,golfdigest.co.jp
8,https://reserve.golfdigest.co.jp/event,golfdigest.co.jp
9,https://dr.golfdigest.co.jp/,golfdigest.co.jp
10,https://www.golfdigest.co.jp/ttr/,golfdigest.co.jp
1,https://mzamin.com,mzamin.com
2,https://mzamin.com/news.php?news=194639,mzamin.com
3,https://mzamin.com/news.php?news=194642,mzamin.com
4,https://mzamin.com/news.php?news=194643,mzamin.com
5,https://mzamin.com/news.php?news=194644,mzamin.com
6,https://mzamin.com/news.php?news=194647,mzamin.com
7,https://mzamin.com/news.php?news=190491,mzamin.com
8,https://mzamin.com/news.php?news=191913,mzamin.com
9,https://mzamin.com/news.php?news=186406,mzamin.com
10,https://mzamin.com/news.php?news=188399,mzamin.com
1,https://ebay.com#mainContent,ebay.com
2,https://www.ebay.com/b/Women/260010/bn_7116391826,ebay.com
3,https://www.ebay.com/b/Savannah-Clothing-Shoes-Accessories-for-Women/260010/bn_7115849545,ebay.com
4,https://www.ebay.com/shop/savannah-antique?_nkw=savannah+antique,ebay.com
5,https://www.ebay.com/shop/savannah-jane-top?_nkw=savannah+jane+top,ebay.com
6,https://www.ebay.com/shop/savannah-jane-dress?_nkw=savannah+jane+dress,ebay.com
7,https://www.ebay.com/sch/i.html?_id=167914173762&_fsrp=1&_vss=1&_vs=1&itmmeta=01KCR7FKMP66ZD1SWVKXZ4VJ3V&_udlo=15.71&_vssPrice=1&_sacat=63861,ebay.com
8,https://www.ebay.com/myb/WatchListAdd?item=167914173762&pt=null&srt=01000b00000050cc065a5fefa989b017038381d1402d537bc021a5d6256ea69b76141769dc69e5df46bb6dbb03c12e4552acc1114f60bd616c866072c34944644648301b76d6dd93646f88d4c242794aef9e62a9f22493&ru=https%3A%2F%2Fwww.ebay.com%2Fshop%2Fsavannah-jane-dress%3F_nkw%3Dsavannah%2Bjane%2Bdress,ebay.com
9,https://www.ebay.com/itm/167914173762?_skw=savannah+jane+dress&itmmeta=01KCR7FKMP66ZD1SWVKXZ4VJ3V&hash=item271876f542:g:cq4AAeSw3PFpKwUs&itmprp=enc%3AAQAKAAAA0IUNi59bckQcV2ImusJGAkH1%2BctCw3d3Y%2BywyGReqgCijhW76m6Fg1D2cCCS%2FYIVCvsWWrqtCc1%2Fk%2B%2B44FMXYicLUWtoKqN0vSiP91Ul8V5Qyi6crh1RLJyqqVZeJVrEcsK095Sd5i5xVZRBv4OaaCxBergmABjGeyuGiV6hEmu9vmA%2BJ8B%2B4n%2BZ3wCpmvSrVYHaWx7vYBlxHE6K9ObPvdaLVEIxV75APfwv9UuPU%2BNBeqZ9HKItmYtL2rfN8mmVXFPl4XH0pwTov3g9dbveh%2FA%3D%7Ctkp%3ABk9SR8C6vofmZg,ebay.com
10,https://www.ebay.com/sch/i.html?_id=127555191129&_fsrp=1&_vss=1&_vs=1&itmmeta=01KCR7FKMP1S2GB69AYF558ZFJ&_udlo=5.25&_vssPrice=1&_sacat=63861,ebay.com
1,https://clover.com#main,clover.com
2,https://clover.com/pos-systems/employee-management,clover.com
3,https://clover.com/financial-solutions/rapid-deposit,clover.com
4,https://clover.com/financial-solutions/clover-capital,clover.com
5,https://clover.com/pos-systems/online-ordering-inventory,clover.com
6,https://clover.com/pos-systems/business-tracking-reporting,clover.com
7,https://clover.com/pos-systems/virtual-terminal,clover.com
8,https://clover.com/pos-solutions/invoicing,clover.com
9,https://clover.com/pos-systems/accept-payments,clover.com
10,https://clover.com/pos-systems/ecommerce,clover.com
1,https://discordapp.com/company-information,discordapp.com
2,https://discordapp.com/licenses,discordapp.com
3,https://discordapp.com/acknowledgements,discordapp.com
4,https://discordapp.com/guidelines,discordapp.com
5,https://discordapp.com/privacy,discordapp.com
6,https://discordapp.com/terms,discordapp.com
7,https://discordapp.com/community,discordapp.com
8,https://discordapp.com/creators,discordapp.com
9,https://discordapp.com/newsroom,discordapp.com
10,https://discordapp.com/branding,discordapp.com
1,https://www.gayck.com/,gayck.com
2,https://www.gayck.com/categories/big-dick/,gayck.com
3,https://www.gayck.com/categories/bear/,gayck.com
4,https://www.gayck.com/categories/bdsm/,gayck.com
5,https://www.gayck.com/categories/bareback/,gayck.com
6,https://www.gayck.com/categories/asian/,gayck.com
7,https://www.gayck.com/categories/anal/,gayck.com
8,https://www.gayck.com/categories/amateur/,gayck.com
9,https://www.gayck.com/search/china/,gayck.com
10,https://www.gayck.com/search/daddy/,gayck.com
1,https://login.haaretz.co.il/?htm_source=site&htm_medium=navigation&htm_campaign=login&htm_content=login,haaretz.co.il
2,https://haaretz.co.il/news/politi/2025-12-18/ty-article/.premium/0000019b-3067-d60f-a5db-796f1f380000,haaretz.co.il
3,https://haaretz.co.il/newsletter/single?segmentId=0000017e-1ac0-dd6c-a7fe-3ac80b9b0000,haaretz.co.il
4,https://haaretz.co.il/riddles/2024-03-20/ty-article-static/.premium/0000018d-9705-d57f-a1ef-bf1d5b3d0000,haaretz.co.il
5,https://haaretz.co.il/news/law/2025-12-17/ty-article/.premium/0000019b-2d29-d932-a7bf-6f2981e70000,haaretz.co.il
6,https://haaretz.co.il/news/law/2025-12-17/ty-article/0000019b-2bb5-d60f-a5db-6bbfb25c0000,haaretz.co.il
7,https://haaretz.co.il/sport/israel-soccer/2025-12-17/ty-article-magazine/.premium/0000019b-28a1-dc39-abbb-fff3cfce0000,haaretz.co.il
8,https://haaretz.co.il/tmr/dynamo/cars/2025-12-17/ty-article-magazine/.highlight/0000019a-f418-de8e-a99b-f69aea680000,haaretz.co.il
9,https://haaretz.co.il/news/politi/2025-12-17/ty-article/0000019b-2c9f-dc74-adff-7c9fa4bd0000,haaretz.co.il
10,https://haaretz.co.il/magazine/obit/2025-11-27/ty-article/0000019a-c583-d360-a5bb-f59b27f00000,haaretz.co.il
1,https://www.correiobraziliense.com.br,correiobraziliense.com.br
2,https://blogs.correiobraziliense.com.br/denise/senado-aprova-pl-da-dosimetria-texto-segue-para-sancao/,correiobraziliense.com.br
3,https://www.correiobraziliense.com.br/publicidade-legal,correiobraziliense.com.br
4,https://www.correiobraziliense.com.br/cb-brands/brandedcontent/,correiobraziliense.com.br
5,https://correiobraziliense.com.br,correiobraziliense.com.br
6,https://www.correiobraziliense.com.br/direito-e-justica,correiobraziliense.com.br
7,https://www.correiobraziliense.com.br/euestudante/concursos/,correiobraziliense.com.br
8,https://www.correiobraziliense.com.br/euestudante,correiobraziliense.com.br
9,https://www.correiobraziliense.com.br/ciencia-e-saude,correiobraziliense.com.br
10,https://www.correiobraziliense.com.br/diversao-e-arte,correiobraziliense.com.br
1,https://dolarhoy.com/tag/bancos,dolarhoy.com
2,https://dolarhoy.com/subseccion/indec,dolarhoy.com
3,https://dolarhoy.com/subseccion/gobierno,dolarhoy.com
4,https://dolarhoy.com/subseccion/campo,dolarhoy.com
5,https://dolarhoy.com/subseccion/bcra,dolarhoy.com
6,https://dolarhoy.com/subseccion/anses,dolarhoy.com
7,https://dolarhoy.com/subseccion/afip,dolarhoy.com
8,https://dolarhoy.com/economia,dolarhoy.com
9,https://dolarhoy.com/subseccion/dolar-oficial,dolarhoy.com
10,https://dolarhoy.com/subseccion/dolar-mep,dolarhoy.com
1,https://www.cnnturk.com,cnnturk.com
2,https://cnnturk.com/resmi-ilanlar/,cnnturk.com
3,https://kesfet.cnnturk.com/,cnnturk.com
4,https://cnnturk.com/magazin-haberleri/,cnnturk.com
5,https://cnnturk.com/spor-haberleri/,cnnturk.com
6,https://cnnturk.com/ekonomi-haberleri/,cnnturk.com
7,https://cnnturk.com/galeriler/otomobil,cnnturk.com
8,https://cnnturk.com/galeriler/teknoloji,cnnturk.com
9,https://cnnturk.com/galeriler/spor,cnnturk.com
10,https://cnnturk.com/galeriler/magazin,cnnturk.com
1,https://mirrormedia.mg/,mirrormedia.mg
2,https://mirrormedia.mg/section/entertainment,mirrormedia.mg
3,https://mirrormedia.mg/category/news,mirrormedia.mg
4,https://mirrormedia.mg/category/dig,mirrormedia.mg
5,https://mirrormedia.mg/category/wine,mirrormedia.mg
6,https://mirrormedia.mg/login?destination=%2Fcategory%2Fdig,mirrormedia.mg
7,https://mirrormedia.mg/login?destination=%2Fcategory%2Fnews,mirrormedia.mg
8,https://mirrormedia.mg/login?destination=%2Fcategory%2Fwine,mirrormedia.mg
9,https://mirrormedia.mg/story/20251110soc007,mirrormedia.mg
10,https://mirrormedia.mg/story/20251108inv002,mirrormedia.mg
1,https://gnavi.co.jp/,gnavi.co.jp
2,https://www.gnavi.co.jp/apps/?sc_lid=cp_home_main_sp_cp,gnavi.co.jp
3,https://www.gnavi.co.jp/apps/?sc_lid=cp_home_main_pc_cp,gnavi.co.jp
4,https://r.gnavi.co.jp/special-feature/yakiniku/?sc_lid=sp_yakiniku_home,gnavi.co.jp
5,https://r.gnavi.co.jp/special-feature/izakaya/?sc_lid=sp_izakaya_home,gnavi.co.jp
6,https://member.gnavi.co.jp/kanjirank/rakuten-card/?sc_lid=cp_home_main_sp_cp,gnavi.co.jp
7,https://member.gnavi.co.jp/kanjirank/rakuten-card/?sc_lid=cp_home_main_pc_cp,gnavi.co.jp
8,https://r.gnavi.co.jp/special-feature/privateroom/?sc_lid=sp_00066_home,gnavi.co.jp
9,https://member.gnavi.co.jp/kanjirank/?sc_lid=kanjrank_home_main_sp_cp,gnavi.co.jp
10,https://member.gnavi.co.jp/kanjirank/?sc_lid=kanjrank_home_main_pc_cp,gnavi.co.jp
1,https://www.ontvtonight.com/user/provider,ontvtonight.com
2,https://www.ontvtonight.com/contact,ontvtonight.com
3,https://www.ontvtonight.com/about,ontvtonight.com
4,https://www.ontvtonight.com/apps,ontvtonight.com
5,https://www.ontvtonight.com/guide/watch/,ontvtonight.com
6,https://www.ontvtonight.com/guide/,ontvtonight.com
7,https://www.ontvtonight.com/,ontvtonight.com
8,https://ontvtonight.com/guide/watch/,ontvtonight.com
9,https://ontvtonight.com/guide/,ontvtonight.com
10,https://ontvtonight.com/apps,ontvtonight.com
1,https://makeuseof.com/,makeuseof.com
2,https://makeuseof.com/tag/file-explorer/,makeuseof.com
3,https://makeuseof.com/listary-fixes-windows-search-instantly/,makeuseof.com
4,https://makeuseof.com/author/kanika-gogia/,makeuseof.com
5,https://makeuseof.com/tag/artificial-intelligence/,makeuseof.com
6,https://makeuseof.com/most-ai-tools-are-waste-money-but-these-3-are-actually-essential/,makeuseof.com
7,https://makeuseof.com/author/shaun-cichacki/,makeuseof.com
8,https://makeuseof.com/tag/smart-home/,makeuseof.com
9,https://makeuseof.com/nest-hub-with-gemini/,makeuseof.com
10,https://makeuseof.com/author/dan-selcke/,makeuseof.com
1,https://nikkei.com/search,nikkei.com
2,https://www.nikkei.com/theme/?dw=22110101,nikkei.com
3,https://www.nikkei.com/theme/?dw=25093001,nikkei.com
4,https://www.nikkei.com/theme/?dw=25111401,nikkei.com
5,https://www.nikkei.com/special/podcast,nikkei.com
6,https://vdata.nikkei.com/economicdashboard/macro/,nikkei.com
7,https://www.nikkei.com/opinion/editorial/,nikkei.com
8,https://www.nikkei.com/video/,nikkei.com
9,https://www.nikkei.com/photo/,nikkei.com
10,https://www.nikkei.com/special/vdata,nikkei.com
1,https://www.cls.cn/detail/2220461,cls.cn
2,https://cls.cn/our?nav=tips,cls.cn
3,https://cls.cn/our?nav=map,cls.cn
4,https://cls.cn/our?nav=feedBack,cls.cn
5,https://cls.cn/our?nav=contact,cls.cn
6,https://cls.cn/our?nav=copyright,cls.cn
7,https://cls.cn/our?nav=our,cls.cn
8,https://cls.cn/depth?id=1032,cls.cn
9,https://cls.cn/depth?id=1006,cls.cn
10,https://cls.cn/depth?id=1110,cls.cn
1,https://net.hr/,net.hr
2,https://net.hr/tema/formula-1,net.hr
3,https://net.hr/sport/fnc,net.hr
4,https://net.hr/tema/liga-prvaka,net.hr
5,https://net.hr/sport/ostali-sportovi,net.hr
6,https://net.hr/sport/tenis,net.hr
7,https://net.hr/sport/kosarka,net.hr
8,https://net.hr/sport/na-rubu-sporta,net.hr
9,https://net.hr/sport/klub-boraca,net.hr
10,https://net.hr/sport/rukomet,net.hr
1,https://life.blogmura.com/,blogmura.com
2,https://goods.blogmura.com/,blogmura.com
3,https://interior.blogmura.com/,blogmura.com
4,https://house.blogmura.com/,blogmura.com
5,https://sake.blogmura.com/,blogmura.com
6,https://sweets.blogmura.com/,blogmura.com
7,https://gourmet.blogmura.com/,blogmura.com
8,https://food.blogmura.com/,blogmura.com
9,https://family.blogmura.com/,blogmura.com
10,https://maternity.blogmura.com/,blogmura.com
1,https://uzex.uz/,uzex.uz
2,https://uzex.uz/Trade/NewSpotTable,uzex.uz
3,https://uzex.uz/Trade/OffersSumNew,uzex.uz
4,https://uzex.uz/Trade/OffersSumCottonNew,uzex.uz
5,https://uzex.uz/Contacts,uzex.uz
6,https://uzex.uz/Home/Interactive,uzex.uz
7,https://uzex.uz/fr/pages/about-international-relations,uzex.uz
8,https://uzex.uz/fr/pages/about-activies,uzex.uz
9,https://uzex.uz/fr/pages/about-jobs,uzex.uz
10,https://uzex.uz/Announces,uzex.uz
1,https://mobafire.com/,mobafire.com
2,https://mobafire.com/network-log-in?service=google&return=https%253A%252F%252Fwww.mobafire.com%252Fe,mobafire.com
3,https://mobafire.com/network-log-in?service=battlenet&return=https%253A%252F%252Fwww.mobafire.com%252F,mobafire.com
4,https://mobafire.com/network-log-in?service=google&return=https%253A%252F%252Fwww.mobafire.com%252F,mobafire.com
5,https://mobafire.com/network-log-in?service=twitter&return=https%253A%252F%252Fwww.mobafire.com%252F,mobafire.com
6,https://mobafire.com/network-log-in?service=facebook&return=https%253A%252F%252Fwww.mobafire.com%252F,mobafire.com
7,https://mobafire.com/privacy-policy,mobafire.com
8,https://mobafire.com/user-agreement,mobafire.com
9,https://mobafire.com/network-password-reset,mobafire.com
10,https://mobafire.com/league-of-legends/news,mobafire.com
1,https://sports.daum.net#daumBody,sports.daum.net
2,https://sports.daum.net/?nil_profile=mini&nil_src=sports,sports.daum.net
3,https://sports.daum.net/column,sports.daum.net
4,https://sports.daum.net/issue,sports.daum.net
5,https://sports.daum.net/series/,sports.daum.net
6,https://sports.daum.net/photocenter,sports.daum.net
7,https://sports.daum.net/video,sports.daum.net
8,https://sports.daum.net/news/breaking,sports.daum.net
9,https://sports.daum.net/esports,sports.daum.net
10,https://sports.daum.net/general,sports.daum.net
1,https://theconversation.com/us/home-page,theconversation.com
2,https://theconversation.com/become-an-author,theconversation.com
3,https://donate.theconversation.com/us?utm_source=theconversation.com&utm_medium=website&utm_campaign=topbar,theconversation.com
4,https://theconversation.com/uk,theconversation.com
5,https://theconversation.com/nz,theconversation.com
6,https://theconversation.com/id,theconversation.com
7,https://theconversation.com/global,theconversation.com
8,https://theconversation.com/fr,theconversation.com
9,https://theconversation.com/global/feeds,theconversation.com
10,https://analytics.theconversation.com/global?utm_source=theconversation.com&utm_medium=website&utm_campaign=footer,theconversation.com
1,https://www.keka.com/us,keka.com
2,https://www.keka.com/us/support,keka.com
3,https://www.keka.com/us/customer-onboarding,keka.com
4,https://www.keka.com/us/pricing,keka.com
5,https://www.keka.com/us/marketplace,keka.com
6,https://www.keka.com/us/analytics,keka.com
7,https://www.keka.com/us/opportunity-management-software,keka.com
8,https://www.keka.com/us/project-billing-software,keka.com
9,https://www.keka.com/us/timesheet-software,keka.com
10,https://www.keka.com/us/project-management-software,keka.com
1,https://cube-soft.jp/,cube-soft.jp
2,https://clown.cube-soft.jp/entry/2024/05/29/cubeice-3.4.0-or-later,cube-soft.jp
3,https://docs.cube-soft.jp/entry/2024/06/21/cubepdf-utility-4.0.0-or-later,cube-soft.jp
4,https://clown.cube-soft.jp/entry/2021/08/16/business,cube-soft.jp
5,https://cube-soft.jp/cubeice/confirm.php,cube-soft.jp
6,https://dl.cube-soft.jp/archive/cubeice-3.5.2-x86.exe,cube-soft.jp
7,https://cube-soft.jp/cubeice/,cube-soft.jp
8,https://cube-soft.jp/cubepdfpage/confirm.php,cube-soft.jp
9,https://dl.cube-soft.jp/archive/cubepdf-page-5.1.3.exe,cube-soft.jp
10,https://cube-soft.jp/cubepdfpage/,cube-soft.jp
1,https://www.doeda.one,doeda.one
2,https://www.doeda.one/hafta-sonunu-doga-ile-ic-ice-olmak-isteyen-karim-domalinca-nefes-nefese-kaldi/,doeda.one
3,https://www.doeda.one/otostop-ceken-turisti-arabama-alip-musait-yol-kenarinda-arabaya-yaslayip-pompaladim/,doeda.one
4,https://www.doeda.one/mature-temizlikci-evin-tozunu-alirken-bir-yandanda-benim-sikimi-kaldirinca-mesai-yapiyor/,doeda.one
5,https://www.doeda.one/spor-yaparken-taytin-altindan-vajinasi-islanan-uvey-ablama-yukselince-sikistik/,doeda.one
6,https://www.doeda.one/author/ece/,doeda.one
7,https://www.doeda.one/goguslerine-krema-surulen-uvey-anneme-dilimle-mudahale-edince-yanlis-anlasildim/,doeda.one
8,https://www.doeda.one/category/zenci/,doeda.one
9,https://www.doeda.one/category/uzun-konulu-p/,doeda.one
10,https://www.doeda.one/category/tecavuz/,doeda.one
1,https://giving.wayne.edu,wayne.edu
2,https://giving.wayne.edu/donate,wayne.edu
3,https://library.wayne.edu/,wayne.edu
4,https://wayne.edu/students,wayne.edu
5,https://research.wayne.edu,wayne.edu
6,https://wayne.edu/campus,wayne.edu
7,https://wayne.edu/programs,wayne.edu
8,https://wayne.edu/admissions,wayne.edu
9,https://wayne.edu/about,wayne.edu
10,https://wayne.edu/search/,wayne.edu
1,https://go.crmls.org/associations/,crmls.org
2,https://go.crmls.org/staff/,crmls.org
3,https://go.crmls.org/coverage-area/,crmls.org
4,https://go.crmls.org/history-of-crmls/,crmls.org
5,https://go.crmls.org/the-value-of-crmls/,crmls.org
6,https://go.crmls.org/about/,crmls.org
7,https://go.crmls.org/designated-broker-db-hb-suspension-guidelines/,crmls.org
8,https://go.crmls.org/citation-review-faqs/,crmls.org
9,https://go.crmls.org/crmls-rules-policy-change-summary/,crmls.org
10,https://go.crmls.org/clear-cooperation-policy/,crmls.org
1,https://wyzant.com/match/search?keyword=Actuarial%20Science,wyzant.com
2,https://www.wyzant.com/signup,wyzant.com
3,https://www.wyzant.com/login,wyzant.com
4,https://www.wyzant.com/,wyzant.com
5,https://www.wyzant.com/about,wyzant.com
6,https://wyzant.com#get-to-know-links,wyzant.com
7,https://www.wyzant.com/tutorsignupstart,wyzant.com
8,https://wyzant.com/online/student,wyzant.com
9,https://wyzant.com/signup,wyzant.com
10,https://wyzant.com/match/search?keyword=Vocabulary,wyzant.com
1,https://apcfss.in/docs/13-Project-Profile-(Pelli-Kaanuka).pdf,apcfss.in
2,https://apcfss.in/rti.html,apcfss.in
3,https://apcfss.in/docs/RFP_for_Conslting_Services.pdf,apcfss.in
4,https://apcfss.in#Home,apcfss.in
5,https://apcfss.in/docs/04-Project-Profile-(APCOS-Op-Guidelines).pdf,apcfss.in
6,https://apcfss.in/docs/05-Project-Profile%20(DMA-SWM%20Project).pdf,apcfss.in
7,https://apcfss.in/docs/09-Project-Profile-(Taxonomy-of-HoAs).pdf,apcfss.in
8,https://apcfss.in/docs/02-Project-Profile-(APSWREIS-Bye-Laws).pdf,apcfss.in
9,https://apcfss.in/docs/01-Project-Profile-(Hostel-Manual).pdf,apcfss.in
10,https://apcfss.in/docs/08-Project-Profile-(ANU-CDE-Project).pdf,apcfss.in
1,https://ubereats.com/city/indianapolis-in,ubereats.com
2,https://ubereats.com/city/houston-tx,ubereats.com
3,https://ubereats.com/city/hartford-ct,ubereats.com
4,https://ubereats.com/city/el-paso-tx,ubereats.com
5,https://ubereats.com/uber-one?access-point=web_upsell_banner,ubereats.com
6,https://ubereats.com/store/ihop-4500-hondo-pass-dr/_PtOrF1SQ_2MsuXJXdD94A,ubereats.com
7,https://ubereats.com/store/the-sushi-plugg/gLIKA_oqSGmeXvjkIPrYaQ,ubereats.com
8,https://ubereats.com/city/andrews-tx,ubereats.com
9,https://ubereats.com/city/new-home-tx,ubereats.com
10,https://ubereats.com/city/ropesville-tx,ubereats.com
1,https://support.specialized.com,specialized.com
2,https://specialized.com/us/en/shop/bikes/mountain-bikes/downhill-mountain-bikes/demo,specialized.com
3,https://specialized.com/us/en/shop/bikes/mountain-bikes/downhill-mountain-bikes,specialized.com
4,https://specialized.com/us/en/shop/bikes/mountain-bikes/bmx-and-dirt-jump-bikes/p-series,specialized.com
5,https://specialized.com/us/en/shop/bikes/mountain-bikes/bmx-and-dirt-jump-bikes,specialized.com
6,https://specialized.com/us/en/shop/bikes/mountain-bikes/trail-bikes/status,specialized.com
7,https://specialized.com/us/en/shop/bikes/mountain-bikes/trail-bikes/enduro,specialized.com
8,https://specialized.com/us/en/shop/bikes/mountain-bikes/trail-bikes/stumpjumper,specialized.com
9,https://specialized.com/us/en/shop/bikes/mountain-bikes/trail-bikes,specialized.com
10,https://specialized.com/us/en/shop/bikes/mountain-bikes/cross-country-mountain-bikes/chisel,specialized.com
1,https://www.channel4.com/4viewers/faqs/all-4/how-do-i-watch-all-4-what-are-minimum-operating-requirements,channel4.com
2,https://www.channel4.com/tv-guide?intcmp=platform:header:watch_live::%7C::tvguide%7C%7C,channel4.com
3,https://www.channel4.com/now/4S?intcmp=platform:header:watch_live::%7C::4s%7C%7C,channel4.com
4,https://www.channel4.com/now/F4?intcmp=platform:header:watch_live::%7C::f4%7C%7C,channel4.com
5,https://www.channel4.com/now/M4?intcmp=platform:header:watch_live::%7C::m4%7C%7C,channel4.com
6,https://www.channel4.com/now/E4?intcmp=platform:header:watch_live::%7C::e4%7C%7C,channel4.com
7,https://www.channel4.com/now/C4?intcmp=platform:header:watch_live::%7C::c4%7C%7C,channel4.com
8,https://www.channel4.com/my4/history?intcmp=platform:header:my4::%7C::history%7C%7C,channel4.com
9,https://www.channel4.com/my4/my-list?intcmp=platform:header:my4::%7C::my_list%7C%7C,channel4.com
10,https://www.channel4.com/my4/watching?intcmp=platform:header:my4::%7C::watching%7C%7C,channel4.com
1,https://fapello.com/,fapello.com
2,https://fapello.com/hunnybabyjuno-2/,fapello.com
3,https://fapello.com/krissyspaulding/,fapello.com
4,https://fapello.com/daisy-love/,fapello.com
5,https://fapello.com/jeannie-elise-mai/,fapello.com
6,https://fapello.com/what-is-fapello/,fapello.com
7,https://fapello.com/contacts/,fapello.com
8,https://fapello.com/activity/comments/,fapello.com
9,https://fapello.com/posts/,fapello.com
10,https://fapello.com/daily-search-ranking/,fapello.com
1,https://gramedia.com/promo,gramedia.com
2,https://www.gramedia.com/promo,gramedia.com
3,https://www.gramedia.com/promo/special-offer-nyankees-vol-6,gramedia.com
4,https://www.gramedia.com/promo/special-offer-haikyu-the-novel-3,gramedia.com
5,https://promo.gramedia.com/year-end-sale-promo-2025/,gramedia.com
6,https://www.gramedia.com/promo/berbagi-alkitab,gramedia.com
7,https://promo.gramedia.com/teman-membaca-desember-2025/,gramedia.com
8,https://www.gramedia.com/promo/pre-order-hidden-love--the-first-frost,gramedia.com
9,https://www.gramedia.com/promo/special-offer-year-end-sale-layin-di-desa-beda,gramedia.com
10,https://gramedia.com/search?q=Kukiko%20Bear%20Lala,gramedia.com
1,https://www.salesloft.com/company,salesloft.com
2,https://www.salesloft.com/resources/interactive-tours/pipeline-building-agents,salesloft.com
3,https://www.salesloft.com/resources/webinars,salesloft.com
4,https://www.salesloft.com/resources/case-studies,salesloft.com
5,https://www.salesloft.com/events,salesloft.com
6,https://www.salesloft.com/resources/blog,salesloft.com
7,https://www.salesloft.com/resources,salesloft.com
8,https://help.salesloft.com/s/,salesloft.com
9,https://champions.salesloft.com/events?tab=upcoming,salesloft.com
10,https://www.salesloft.com/events/office-hours,salesloft.com
1,https://convertcase.net/,convertcase.net
2,https://convertcase.net/reverse-text-generator/,convertcase.net
3,https://convertcase.net/remove-underscores/,convertcase.net
4,https://convertcase.net/remove-text-formatting/,convertcase.net
5,https://convertcase.net/remove-line-breaks/,convertcase.net
6,https://convertcase.net/letter-character-removal-tool/,convertcase.net
7,https://convertcase.net/plain-text-converter/,convertcase.net
8,https://convertcase.net/pig-latin-translator/,convertcase.net
9,https://convertcase.net/phonetic-spelling-generator/,convertcase.net
10,https://convertcase.net/mirror-text-generator/,convertcase.net
1,http://www.unisa.edu.au/About-UniSA/Governance-and-management-structure/Privacy/,unisa.edu.au
2,https://study.unisa.edu.au/urban-and-regional-planning/,unisa.edu.au
3,https://study.unisa.edu.au/journalism-and-professional-writing/,unisa.edu.au
4,https://study.unisa.edu.au/film-tv-and-visual-effects/,unisa.edu.au
5,https://study.unisa.edu.au/design/,unisa.edu.au
6,https://study.unisa.edu.au/creative-industries/,unisa.edu.au
7,https://study.unisa.edu.au/contemporary-art/,unisa.edu.au
8,https://study.unisa.edu.au/communications-and-media/,unisa.edu.au
9,https://study.unisa.edu.au/architecture/,unisa.edu.au
10,https://study.unisa.edu.au/tourism-sport-and-events/,unisa.edu.au
1,https://walkerplus.com/,walkerplus.com
2,https://walkerplus.com/article/1312330/,walkerplus.com
3,https://walkerplus.com/article/1312264/,walkerplus.com
4,https://walkerplus.com/article/1313914/,walkerplus.com
5,https://walkerplus.com/article_list/ar0313/,walkerplus.com
6,https://walkerplus.com/article/1312940/,walkerplus.com
7,https://walkerplus.com/article/1314864/,walkerplus.com
8,https://walkerplus.com/article/1312336/,walkerplus.com
9,https://walkerplus.com/article/1312885/,walkerplus.com
10,https://walkerplus.com/article/1314431/,walkerplus.com
1,https://awecrptjmp.com/zh/terms-and-conditions,awecrptjmp.com
2,https://awecrptjmp.com/zh/%E5%A5%B3%E5%AD%A9/search/live-tag/close-up+free-chat,awecrptjmp.com
3,https://awecrptjmp.com/zh/%E5%A5%B3%E5%AD%A9/search/live-tag/sex-toy+free-chat,awecrptjmp.com
4,https://awecrptjmp.com/zh/%E5%A5%B3%E5%AD%A9/search/live-tag/topless+free-chat,awecrptjmp.com
5,https://awecrptjmp.com/zh/%E5%A5%B3%E5%AD%A9/search/live-tag/ass-play+free-chat,awecrptjmp.com
6,https://awecrptjmp.com/zh/%E5%A5%B3%E5%AD%A9/search/live-tag/xmas+free-chat,awecrptjmp.com
7,https://awecrptjmp.com,awecrptjmp.com
8,https://awecrptjmp.com/zh/%E5%A5%B3%E5%AD%A9/search/live-tag/masturbation+private-chat+vip-show,awecrptjmp.com
9,https://awecrptjmp.com/zh/privacy-policy,awecrptjmp.com
10,https://awecrptjmp.com/zh/%E5%A5%B3%E5%AD%A9?utm_campaign=main&utm_medium=other&utm_source=promotools&utm_content=redirect&mr=0&more=82611962528529792,awecrptjmp.com
1,https://meevo.com/massage-studio-software,meevo.com
2,https://meevo.com/beauty-bar-software,meevo.com
3,https://meevo.com/medspa-software,meevo.com
4,https://meevo.com/spa-software,meevo.com
5,https://meevo.com/salon-software,meevo.com
6,https://meevo.com/demo,meevo.com
7,https://meevo.com/,meevo.com
8,https://meevo.com/meevo-overview-video,meevo.com
9,https://meevo.com/contact,meevo.com
10,https://meevo.com/client-help,meevo.com
1,https://bill-one.com/,bill-one.com
2,https://bill-one.com/ap/function/podo/,bill-one.com
3,https://bill-one.com/cm/,bill-one.com
4,https://sender-help.bill-one.com/hc/ja?utm_source=site&utm_medium=referral&utm_campaign=suite_top,bill-one.com
5,https://bill-one.com/form/inquiry_suite/,bill-one.com
6,https://bill-one.com/form/download_bobook_suite/,bill-one.com
7,https://app.bill-one.com/,bill-one.com
8,https://bill-one.com/arm/,bill-one.com
9,https://bill-one.com/exp/,bill-one.com
10,https://bill-one.com/ap/,bill-one.com
1,https://www.healthline.com/,healthline.com
2,https://www.healthline.com/cbd,healthline.com
3,https://www.healthline.com/wellness,healthline.com
4,https://www.healthline.com/program/managing-type-2-diabetes-with-food-and-fitness,healthline.com
5,https://www.healthline.com/program/mastering-your-geographic-atrophy-care,healthline.com
6,https://www.healthline.com/program/navigating-life-with-bipolar-disorder,healthline.com
7,https://www.healthline.com/program/controlling-uc,healthline.com
8,https://www.healthline.com/sponsored-topics,healthline.com
9,https://www.healthline.com/weight-management,healthline.com
10,https://www.healthline.com/type-2-diabetes,healthline.com
1,https://otto.de/,otto.de
2,https://otto.de/damen/mode/maentel/,otto.de
3,https://otto.de/damen/accessoires/schmuck/,otto.de
4,https://otto.de/damen/accessoires/schmuck/ringe/silberringe/,otto.de
5,https://otto.de/damen/accessoires/schmuck/?s=mit-gravur,otto.de
6,https://otto.de/wohnen/?marke=cotta,otto.de
7,https://otto.de/wohnen/?marke=sit,otto.de
8,https://otto.de/p/sit-esstisch-1-st-mit-baumkante-wie-gewachsen-1964760886/,otto.de
9,https://otto.de/p/sit-couchtisch-rustic-im-factory-design-breite-90-cm-shabby-chic-vintage-quadratisch-588842409/,otto.de
10,https://otto.de/p/sit-konsolentisch-mango-natural-mit-sockelfuss-im-lamellendesign-1956038358/,otto.de
1,https://nos.nl#ccm_notification,nos.nl
2,https://nos.nl/artikel/2595024-politie-haalt-vijf-kinderen-uit-gezinshuis-zuid-holland-om-mogelijk-misbruik,nos.nl
3,https://nos.nl/artikel/2595007-lavreysen-opnieuw-verkozen-tot-sportman-van-het-jaar-vink-parasportman-van-2025,nos.nl
4,https://nos.nl/video/2594961-dit-verandert-er-allemaal-aan-de-formule-1-auto-s-in-2026,nos.nl
5,https://nos.nl/artikel/2595009-kogelstootster-schilder-verkozen-tot-sportvrouw-van-het-jaar-baars-parasportvrouw-van-2025,nos.nl
6,https://nos.nl/artikel/2594990-hoe-de-afd-met-cultuurcentra-in-kleine-dorpen-duitsland-wil-veroveren,nos.nl
7,https://nos.nl/nieuwsuur/artikel/2594986-pvv-raadsleden-stappen-op-voelen-zich-vaak-slecht-behandeld-door-partijtop,nos.nl
8,https://nos.nl/artikel/2595051-trainer-spakenburg-gelooft-in-bekersprookjes-en-wil-zijn-stageclub-fc-twente-pijn-doen,nos.nl
9,https://nos.nl/artikel/2595053-wekdienst-18-12-eu-top-in-brussel-over-oekraine-serious-request-van-npo-3fm-begint,nos.nl
10,https://nos.nl/artikel/2595046-dan-bongino-omstreden-tweede-man-bij-fbi-maakt-vertrek-bekend,nos.nl
1,https://etudiant.gouv.fr#block-menuinfo-menu,etudiant.gouv.fr
2,https://etudiant.gouv.fr/fr/etudiants-refugies-2052,etudiant.gouv.fr
3,https://etudiant.gouv.fr/fr/etudiants-internationaux,etudiant.gouv.fr
4,https://www.messervices.etudiant.gouv.fr/envole/message/new,etudiant.gouv.fr
5,https://cvec.etudiant.gouv.fr/,etudiant.gouv.fr
6,https://etudiant.gouv.fr/fr/les-crous-1984,etudiant.gouv.fr
7,https://www.messervices.etudiant.gouv.fr/envole/,etudiant.gouv.fr
8,https://etudiant.gouv.fr/fr/aides-financieres-pour-les-etudiants-internationaux-1663,etudiant.gouv.fr
9,https://etudiant.gouv.fr/fr/les-aides-financieres-pour-les-etudiants-ultramarins-3288,etudiant.gouv.fr
10,https://etudiant.gouv.fr/fr/pret-etudiant-garanti-par-l-etat-1723,etudiant.gouv.fr
1,http://maps.uic.edu/?utm_source=eyebrow,uic.edu
2,https://uic.edu/about/acerca/,uic.edu
3,https://uic.edu/about/contact-us/,uic.edu
4,https://uic.edu/about/job-opportunities/,uic.edu
5,https://uic.edu/about/public-media-resources/,uic.edu
6,https://uic.edu/about/leadership/,uic.edu
7,https://uic.edu/about/history/,uic.edu
8,https://uic.edu/about/visit-directions/,uic.edu
9,https://uic.edu/about/,uic.edu
10,https://uic.edu/alumni/,uic.edu
1,https://autoeuro.ru/news/323,autoeuro.ru
2,https://autoeuro.ru/news/325,autoeuro.ru
3,https://autoeuro.ru/news/332,autoeuro.ru
4,https://autoeuro.ru/news/336,autoeuro.ru
5,https://autoeuro.ru/news/371,autoeuro.ru
6,https://autoeuro.ru/news/375,autoeuro.ru
7,https://autoeuro.ru/actions/838,autoeuro.ru
8,https://autoeuro.ru/actions/837,autoeuro.ru
9,https://autoeuro.ru/actions/836,autoeuro.ru
10,https://autoeuro.ru/news/318,autoeuro.ru
1,https://plus14.hateblo.jp/entry/2025/12/17/010844,hateblo.jp
2,https://michi-no-michi.hateblo.jp/entry/2025/12/18/110350,hateblo.jp
3,https://mohritaroh.hateblo.jp/entry/doubt2blossom,hateblo.jp
4,https://hateblo.jp?locale.lang=en,hateblo.jp
5,https://hateblo.jp?locale.lang=ja,hateblo.jp
6,https://plus14.hateblo.jp/,hateblo.jp
7,https://michi-no-michi.hateblo.jp/archive/category/%E5%B9%B8%E3%81%9B%E3%81%AE%E3%83%92%E3%83%B3%E3%83%88%E2%91%A1%E3%80%8C%E5%AD%90%E3%81%A9%E3%82%82%E3%81%AE%E6%88%90%E9%95%B7%EF%BC%88%E8%84%B3%E3%82%84%E5%BF%83%E3%81%AE%E7%99%BA%E9%81%94%E3%80%81%E5%80%8B%E3%80%85%E3%81%AE%E7%89%B9%E6%80%A7%E3%81%AA%E3%81%A9%EF%BC%89%E3%81%AB%E5%AF%84%E3%82%8A%E6%B7%BB%E3%81%86%E6%95%99%E8%82%B2%E3%80%8D,hateblo.jp
8,https://michi-no-michi.hateblo.jp/archive/2025/12/18,hateblo.jp
9,https://michi-no-michi.hateblo.jp/,hateblo.jp
10,https://plus14.hateblo.jp/archive/2019/11,hateblo.jp
1,https://rakuten.com/,rakuten.com
2,https://www.rakuten.com/shop/newbalance,rakuten.com
3,https://www.rakuten.com/shop/acehardware,rakuten.com
4,https://rakuten.com/help/article/advertising-disclosure,rakuten.com
5,https://rakuten.com/american-express-card,rakuten.com
6,https://rakuten.com/in-store,rakuten.com
7,https://www.rakuten.com/shop/sears,rakuten.com
8,https://www.rakuten.com/shop/bedrosians,rakuten.com
9,https://www.rakuten.com/shop/gardeners,rakuten.com
10,https://www.rakuten.com/help/article/in-store-cash-back-faq-15935028227987,rakuten.com
1,https://journaldemontreal.com/,journaldemontreal.com
2,https://www.journaldemontreal.com/opinions/faitesladifference,journaldemontreal.com
3,https://www.journaldemontreal.com/opinions/toutes-nos-chroniques,journaldemontreal.com
4,https://www.journaldemontreal.com/actualite/elections-federales,journaldemontreal.com
5,https://www.journaldemontreal.com/actualite/societe,journaldemontreal.com
6,https://www.journaldemontreal.com/actualite/consommation,journaldemontreal.com
7,https://www.journaldemontreal.com/actualite/environnement,journaldemontreal.com
8,https://www.journaldemontreal.com/actualite/transports,journaldemontreal.com
9,https://www.journaldemontreal.com/actualite/education,journaldemontreal.com
10,https://www.journaldemontreal.com/actualite/sante,journaldemontreal.com
1,https://utp.edu.pe,utp.edu.pe
2,https://utp.edu.pe/pregrado/facultad-de-ingenieria/ingenieria-electronica,utp.edu.pe
3,https://utp.edu.pe/pregrado/facultad-de-ingenieria/ingenieria-civil,utp.edu.pe
4,https://utp.edu.pe/pregrado/facultad-de-ingenieria/ingenieria-biomedica,utp.edu.pe
5,https://librodereclamaciones.utp.edu.pe/,utp.edu.pe
6,https://www.utp.edu.pe/sitemap.xml,utp.edu.pe
7,https://www.utp.edu.pe/web/terminos-condiciones-uso-sitio-web,utp.edu.pe
8,https://www.utp.edu.pe/transparencia,utp.edu.pe
9,https://www.utp.edu.pe/web/politicas-privacidad,utp.edu.pe
10,https://www.utp.edu.pe/noticias/investigacion/semillas-de-uva-una-alternativa-innovadora-para-descontaminar-el-agua,utp.edu.pe
1,https://mindbodyonline.com#main-content,mindbodyonline.com
2,https://mindbodyonline.com/business/beauty/lash-salon-software,mindbodyonline.com
3,https://mindbodyonline.com/business/beauty/hair-salon-software,mindbodyonline.com
4,https://mindbodyonline.com/business/beauty/barbershop-software,mindbodyonline.com
5,https://mindbodyonline.com/business/beauty,mindbodyonline.com
6,https://mindbodyonline.com/business/wellness/wellness-center-software,mindbodyonline.com
7,https://mindbodyonline.com/business/wellness/medical-spa-software,mindbodyonline.com
8,https://mindbodyonline.com/business/wellness/physical-therapy-software,mindbodyonline.com
9,https://mindbodyonline.com/business/wellness/massage-therapy-software,mindbodyonline.com
10,https://mindbodyonline.com/business/wellness/hotel-spa-software,mindbodyonline.com
1,https://skeb.jp/,skeb.jp
2,https://skeb.jp/@3zytp/works/2,skeb.jp
3,https://skeb.jp/@_mnt_4_/works/3,skeb.jp
4,https://skeb.jp/@uni45158/works/38,skeb.jp
5,https://skeb.jp/@iriko_oishii/works/175,skeb.jp
6,https://skeb.jp/@kinoukara_geri/works/89,skeb.jp
7,https://skeb.jp/@oftoninyamane/works/48,skeb.jp
8,https://skeb.jp/@Trorpy/works/20,skeb.jp
9,https://skeb.jp/@sdus1017/works/41,skeb.jp
10,https://skeb.jp/@subtle_dawn/works/121,skeb.jp
1,https://tiktok.com/,tiktok.com
2,https://tiktok.com/@,tiktok.com
3,https://tiktok.com/tiktokstudio/upload?from=webapp,tiktok.com
4,https://tiktok.com/live,tiktok.com
5,https://tiktok.com/following,tiktok.com
6,https://tiktok.com/explore,tiktok.com
7,https://tiktok.com/shop,tiktok.com
8,https://tiktok.com/live/gaming,tiktok.com
9,https://tiktok.com/live/following,tiktok.com
10,https://tiktok.com/signup?redirect_url=https%3A%2F%2Fwww.tiktok.com%2Ftiktokstudio%2Fupload%3Ffrom%3Dwebapp&enter_method=redirect&enter_from=tiktokstudio,tiktok.com
1,https://caracoltv.com/,caracoltv.com
2,https://www.caracoltv.com/desafio-the-box,caracoltv.com
3,https://www.caracoltv.com/desafio-super-humanos-2016,caracoltv.com
4,https://www.caracoltv.com/desafio-the-box-2022,caracoltv.com
5,https://www.caracoltv.com/sabados-felices/desatino,caracoltv.com
6,https://www.caracoltv.com/programas/realities-y-concursos,caracoltv.com
7,https://www.caracoltv.com/actualidad/cuando-se-estrenan-los-capitulos-5-6-y-7-de-stranger-things-en-netflix-ed45,caracoltv.com
8,https://www.caracoltv.com/desafio-the-box/convivencia/criollo-revela-que-una-mujer-le-pidio-que-fuera-el-papa-de-su-hijo-hasta-le-mando-video-del-nino-ex40,caracoltv.com
9,https://www.caracoltv.com/desafio-the-box/convivencia/todo-un-don-juan-samir-habla-de-su-relacion-amorosa-con-grecia-y-del-reto-que-cumplio-con-lina-ex40,caracoltv.com
10,https://www.caracoltv.com/programas/null,caracoltv.com
1,https://ebay.it#mainContent,ebay.it
2,https://www.ebay.it/b/Slot-car/2616/bn_16582452,ebay.it
3,https://www.ebay.it/b/Casa-e-giardino/bn_7005615669?mkevt=1&mkpid=2&emsid=0&plmtId=19395&mesgId=7502712853335367776&mkcid=8&ch=osgood&cnvId=100001,ebay.it
4,https://www.ebay.it/itm/325430921201?itmmeta=01KCR7BS7NDJY9EFEW9WDG3NRJ&hash=item4bc531c7f1:g:AHsAAOSwcgxjeQX6&itmprp=enc%3AAQAKAAAAwNHOg0D50eDiCdi%2FfP0r02v2c9fUheZ5urD5BoaNxV9A4jJ%2Fx9BOUYwT3brzAeeP6SGjo9ffR9vO9b%2BEWD2Dd7eJ5CZSXlcS2W369KCxAWse0VRfivUmgqqF7cvz3ZrCG33EvvQF8BznMO5sYN7KKJin3ktEMWNhk3eS9nuUWz0UC4TNXGyJh2h4gMXJ5290VfLVBEg42%2Fv4z9fVCTOeIeuR4O9hR3Vg2MFDgtNrQUscfyWke%2BMfZuHw2%2B%2BVb11xYw%3D%3D%7Ctkp%3ABk9SR5CUr4fmZg&var=514559904862,ebay.it
5,https://www.ebay.it/itm/257264156318?itmmeta=01KCR7BS7NBPT157VV5Q4Y0X57&hash=item3be6237e9e:g:6DkAAeSwRHFpQywi&itmprp=enc%3AAQAKAAAA4NHOg0D50eDiCdi%2FfP0r02sBTVrE6PfgB7muFmAdrW9rHGjNYAX6z%2FHehQkktt72v%2BObNaXo9Fv9CyNSds8ZGzmcHrhs6uJbj7xdA16Pj5uhp1jXcW%2FLeYFS2%2B3%2FM726F49wuTduZ8XuRJBhYvOiiGMNOcgWeyqrdc8Lis8dljP1ihoBPXD%2B9tQ8f1DefBXvNqT6vqq0RRDPh%2BdeuioayWuYcj3P%2BmeXAstHIub6xvpUV8VX%2FsoY5lb%2B6XjnuSKZDr6vwqSRFKkDa%2BdTFedeOKG3QolLYXhvE5dgieCpP7Tt%7Ctkp%3ABk9SR5CUr4fmZg,ebay.it
6,https://www.ebay.it/itm/355006701130?itmmeta=01KCR7BS7NVSC1R4R3KKT1VK5B&hash=item52a80c5e4a:g:GgwAAOSw1N1e6y7L&itmprp=enc%3AAQAKAAAA4NHOg0D50eDiCdi%2FfP0r02thEZ0JF3sntB6pvwyBOG9e5svw%2FpNfiehWEVVCq6HlY%2BNUwTuEPE%2FLWz%2F6AmKR9PhL9ZifLMPDRqfxKBGt5obvnV%2F5GEQvUcJchzZkx522kzkA6JLHml6TesA%2BdiUHy5LSLWvDWGZnMdwO22NZXgy6AFg2T6hZ6JFkyM0gCcd8pxj2P1Lh%2FtUMMNobLFq0xvBEif14AgK2aSInGWAZ1iA5GNrIOxwD27kCyZiw02LA2CLRuvh25NRtWVLp%2BksFIJ1eqlo4KWVMvnrmpjTW8aUp%7Ctkp%3ABk9SR5CUr4fmZg,ebay.it
7,https://www.ebay.it/itm/376581672339?itmmeta=01KCR7BS7NZXCX4YZVD3V8MFAA&hash=item57ae044d93:g:M-4AAeSw~9Zo2Ryt&itmprp=enc%3AAQAKAAAAwNHOg0D50eDiCdi%2FfP0r02uCIFTpAsLrN2LPtbMovs%2BGuD8EvRd9NHZY%2BfIp6hESWSTsKvMzo%2FNuKjirTnuLIdEKFfFWbtCo%2FmrHwEJ9ExiB2CcCd4B%2FA2Z2cbvAhE0l%2FIWvuaGX3l4Bt%2BDRbFoIVNwzZoiDDSAiVBPa%2BNtyjQswJ6owvMhZrOPwkjSSr1VlttEcBKmvp5FincXSqSXaxlIYD6%2FLle1oAOVBnH72eertNGXTasWwarvQjTNVeBlzrQ%3D%3D%7Ctkp%3ABk9SR5CUr4fmZg,ebay.it
8,https://www.ebay.it/p/28086995066?iid=187755439744,ebay.it
9,https://www.ebay.it/itm/336349227918?itmmeta=01KCR7BS7N0XKPCTD7J6XWWFJ1&hash=item4e4ff9eb8e:g:qf4AAeSwdfBpQ6oZ&itmprp=enc%3AAQAKAAAA4NHOg0D50eDiCdi%2FfP0r02v8Ns%2Bk2TgVeDbEvypRaSMAP65PIoi8dB2bwLlT8xHjgw%2BwLFiSxOvO5IY3m4K5FcLlUtMWHnPFeadO7RH6rDBlf81Nxndq0XWhCoVzYMkbzYXrFl5KaFrtO2X1ElmVTrsOrFcyrEGE3j3SilqELtvY%2B65u3KzflujPxt0SptKa0kFihgO%2B1ATUaMw1SYalARD9EYM3GJFYaOw2IJuAWH06fllScg%2Fasn3ObCOnmn0Qy5gjcXgVzKeQ1HHwY5GZp9LnAhhCSRxey404b2PHMbtI%7Ctkp%3ABFBMkJSvh-Zm,ebay.it
10,https://www.ebay.it/itm/167604445271?itmmeta=01KCR7BS7N35YYSQCSVNBF7TXR&hash=item270600e057:g:TNAAAOSwxmJf5IST&itmprp=enc%3AAQAKAAAA4NHOg0D50eDiCdi%2FfP0r02tZuNUxERb9MmK3HHV2pzv4DCU6CgwW85KvdkCRCxWvMMLtTbhflM7jc7d3l5m8of6Ud3UrD9y3k3ZJg1y0TU6V1A33W%2BDNoSjElOZRK6hNKyZKjsW80O%2BhkZYSZZvFFSGhXNqxp7rUqJV%2Fu%2FkXrwIVRPrIF%2FKRfVqluSr5q616uNkPHgBLtATzLtMMAfFBrf5jK3Hg9maNCHT%2FmfN722u%2B45InMBbPaaMSKUPI%2BxFNuzsf8dr8%2FkFXXZpqwzjFmbzEIrOtjL%2BGrHQp%2FBZtimTe%7Ctkp%3ABFBMkJSvh-Zm,ebay.it
1,https://yesstyle.com/en/home.html,yesstyle.com
2,https://yesstyle.com/en/shu-uemura/list.html/bpt.299_bid.238522,yesstyle.com
3,https://yesstyle.com/en/rohto-mentholatum/list.html/bpt.299_bid.311904,yesstyle.com
4,https://yesstyle.com/en/laneige/list.html/bpt.299_bid.308672,yesstyle.com
5,https://yesstyle.com/en/romand/list.html/bpt.299_bid.322521,yesstyle.com
6,https://yesstyle.com/en/iunik/list.html/bpt.299_bid.320454,yesstyle.com
7,https://yesstyle.com/en/im-from/list.html/bpt.299_bid.319233,yesstyle.com
8,https://yesstyle.com/en/romand-juicy-lasting-tint-inapsquare-edition-25-bare-grape/info.html/pid.1129752654,yesstyle.com
9,https://yesstyle.com/en/im-from-black-rice-toner-150ml/info.html/pid.1133604665,yesstyle.com
10,https://yesstyle.com/en/im-from-rice-serum-30ml/info.html/pid.1097189883,yesstyle.com
1,https://aniwatchtv.to/home,aniwatchtv.to
2,https://aniwatchtv.to/community/user/1931519,aniwatchtv.to
3,https://aniwatchtv.to/community/post/does-anyone-use-this-site-anymore-214037,aniwatchtv.to
4,https://aniwatchtv.to/community/user/3226220,aniwatchtv.to
5,https://aniwatchtv.to/community/post/hianime-watch-list-214045,aniwatchtv.to
6,https://aniwatchtv.to/community/user/1751835,aniwatchtv.to
7,https://aniwatchtv.to/community/post/watc-reze-arc-now-with-the-non-cam-version-214049,aniwatchtv.to
8,https://aniwatchtv.to/community/user/3875990,aniwatchtv.to
9,https://aniwatchtv.to/community/post/march-comes-in-like-a-lion-214069,aniwatchtv.to
10,https://aniwatchtv.to/community/user/2797323,aniwatchtv.to
1,https://trello.com#skip-target,trello.com
2,https://trello.com/customers,trello.com
3,https://trello.com/webinars,trello.com
4,https://trello.com/guide/remote-work,trello.com
5,https://trello.com/guide,trello.com
6,https://trello.com/enterprise,trello.com
7,https://trello.com/premium,trello.com
8,https://trello.com/standard,trello.com
9,https://trello.com/use-cases,trello.com
10,https://trello.com/use-cases/project-management,trello.com
1,https://nationwide.com#main-content,nationwide.com
2,https://nationwide.com/personal/insurance/claims/auto/,nationwide.com
3,https://nationwide.com/personal/insurance/auto/discounts/types/multi-policy,nationwide.com
4,https://nationwide.com/business/insurance/auto/,nationwide.com
5,https://nationwide.com/personal/insurance/golf-cart/,nationwide.com
6,https://nationwide.com/personal/insurance/scooter/,nationwide.com
7,https://nationwide.com/personal/insurance/personal-watercraft/,nationwide.com
8,https://nationwide.com/personal/insurance/boat/,nationwide.com
9,https://nationwide.com/personal/insurance/rv/,nationwide.com
10,https://nationwide.com/personal/insurance/atv/,nationwide.com
1,https://kareo.com/partner-marketplace,kareo.com
2,https://kareo.com/newsroom,kareo.com
3,https://kareo.com/blog,kareo.com
4,https://kareo.com/resource-library,kareo.com
5,https://kareo.com/testimonials,kareo.com
6,https://kareo.com/demo,kareo.com
7,https://kareo.com/theintake/all-articles,kareo.com
8,https://kareo.com/theintake/tebra-news,kareo.com
9,https://kareo.com/theintake/newsletters,kareo.com
10,https://kareo.com/practice-efficiency-grader,kareo.com
1,https://hdzog.com/,hdzog.com
2,https://hdzog.com/search/?s=Mom%20Cum%20Inside%20Son,hdzog.com
3,https://hdzog.com/search/?s=Over%2040,hdzog.com
4,https://hdzog.com/search/?s=Fran%C3%A7aise,hdzog.com
5,https://hdzog.com/search/?s=Ukrainian%20Teens%20(18+),hdzog.com
6,https://hdzog.com/search/?s=Mom%20And%20Sons,hdzog.com
7,https://hdzog.com/search/?s=Mature%20Mom%20Granny,hdzog.com
8,https://hdzog.com/search/?s=School%20Teen%20(18+),hdzog.com
9,https://hdzog.com/search/?s=Young%20Russian%20Teen%20(18+),hdzog.com
10,https://hdzog.com/search/?s=Mature%20Mom%20Fuck%20Boy,hdzog.com
1,https://elogo.com.tr/,elogo.com.tr
2,https://elogo.com.tr/tamamlayici-servisler/elogo-isg/,elogo.com.tr
3,https://elogo.com.tr/tamamlayici-servisler/e-defter-saklama/,elogo.com.tr
4,https://elogo.com.tr/e-donusum/,elogo.com.tr
5,https://elogo.com.tr/e-donusum/e-dekont/,elogo.com.tr
6,https://elogo.com.tr/e-donusum/e-adisyon/,elogo.com.tr
7,https://elogo.com.tr/e-donusum/e-mustahsil-makbuzu/,elogo.com.tr
8,https://elogo.com.tr/e-donusum/e-serbest-meslek-makbuzu/,elogo.com.tr
9,https://elogo.com.tr/e-donusum/e-irsaliye/,elogo.com.tr
10,https://elogo.com.tr/e-donusum/e-defter/,elogo.com.tr
1,https://1und1.de#search,1und1.de
2,https://www.1und1.de/service-card-dsl-und-glasfaser?ctab=tab5,1und1.de
3,https://www.1und1.de/service-card-dsl-und-glasfaser?ctab=tab4,1und1.de
4,https://www.1und1.de/service-card-dsl-und-glasfaser?ctab=tab3,1und1.de
5,https://www.1und1.de/service-card-dsl-und-glasfaser?ctab=tab2,1und1.de
6,https://www.1und1.de/service-card-dsl-und-glasfaser?ctab=tab1,1und1.de
7,https://www.1und1.de/dsl-wechsel,1und1.de
8,https://www.1und1.de/iptv/tv-app/,1und1.de
9,https://dsl.1und1.de/tv-box,1und1.de
10,https://content.1und1.de/pdfs/20241016_SZ-Institut_Nr-239_Kundenloyalitaet.pdf,1und1.de
1,https://farming-simulator.com?lang=fr&country=ch,farming-simulator.com
2,https://farming-simulator.com?lang=en&country=rs,farming-simulator.com
3,https://farming-simulator.com?lang=en&country=za,farming-simulator.com
4,https://farming-simulator.com?lang=en&country=sk,farming-simulator.com
5,https://farming-simulator.com?lang=en&country=si,farming-simulator.com
6,https://farming-simulator.com?lang=de&country=ch,farming-simulator.com
7,https://farming-simulator.com?lang=en&country=ro,farming-simulator.com
8,https://farming-simulator.com?lang=en&country=pt,farming-simulator.com
9,https://farming-simulator.com?lang=pl&country=pl,farming-simulator.com
10,https://farming-simulator.com?lang=de&country=at,farming-simulator.com
1,https://paypal.com/us/home?locale.x=en_US,paypal.com
2,https://paypal.com/us/digital-wallet/manage-money/add-cash?locale.x=en_US,paypal.com
3,https://paypal.com/us/digital-wallet/manage-money/direct-deposit?locale.x=en_US,paypal.com
4,https://paypal.com/us/digital-wallet/security-and-protection?locale.x=en_US,paypal.com
5,https://paypal.com/us/digital-wallet/ways-to-pay/add-payment-method?locale.x=en_US,paypal.com
6,https://paypal.com/us/digital-wallet/manage-money?locale.x=en_US,paypal.com
7,https://paypal.com/us/digital-wallet/send-receive-money/start-selling?locale.x=en_US,paypal.com
8,https://paypal.com/us/digital-wallet/send-receive-money/giving?locale.x=en_US,paypal.com
9,https://paypal.com/us/digital-wallet/send-receive-money/pool-money?locale.x=en_US,paypal.com
10,https://paypal.com/us/digital-wallet/send-receive-money/request-money?locale.x=en_US,paypal.com
1,https://gib.gov.tr/,gib.gov.tr
2,https://gib.gov.tr/vergi-takvimi?selectedDate=2025-12-24,gib.gov.tr
3,https://gib.gov.tr/vergi-takvimi?selectedDate=2025-12-21,gib.gov.tr
4,https://gib.gov.tr/vergi-takvimi?selectedDate=2025-12-18,gib.gov.tr
5,https://ilan.gib.gov.tr/,gib.gov.tr
6,https://gib.gov.tr/mevzuat,gib.gov.tr
7,https://gib.gov.tr/vergi-konulari/1_bireysel/6_emlak_vergisi/6,gib.gov.tr
8,https://gib.gov.tr/vergi-konulari/1_bireysel/1_ogrenim_ve_katki_kredisi/1,gib.gov.tr
9,https://gib.gov.tr/vergi-konulari/1_bireysel/5_idari_para_cezalari/5,gib.gov.tr
10,https://gib.gov.tr/vergi-konulari/1_bireysel/7_diger_kazanc_ve_iratlar/7,gib.gov.tr
1,https://igroutka.ru/,igroutka.ru
2,https://igroutka.ru/igry-avtobusy/,igroutka.ru
3,https://igroutka.ru/igry-dinozavry/,igroutka.ru
4,https://igroutka.ru/igry-stikmen/,igroutka.ru
5,https://igroutka.ru/igry_draki/,igroutka.ru
6,https://igroutka.ru/igry-poezda/,igroutka.ru
7,https://igroutka.ru/dlya-malchikov/nindzya/,igroutka.ru
8,https://igroutka.ru/igry-strategii/,igroutka.ru
9,https://igroutka.ru/igry-rycari/,igroutka.ru
10,https://igroutka.ru/igry-na-motociklah/,igroutka.ru
1,https://playground.ru/bonus/prizes/,playground.ru
2,https://playground.ru/euro_truck_simulator_2/file,playground.ru
3,https://playground.ru/resident_evil_4/file,playground.ru
4,https://playground.ru/file/rus,playground.ru
5,https://playground.ru/file/models,playground.ru
6,https://playground.ru/file/adult,playground.ru
7,https://playground.ru/file/maps,playground.ru
8,https://playground.ru/file/graphics,playground.ru
9,https://playground.ru/file/skins,playground.ru
10,https://playground.ru/file/gameplay,playground.ru
1,https://whatsapp.com#content-wrapper,whatsapp.com
2,https://www.whatsapp.com/legal/,whatsapp.com
3,https://www.whatsapp.com/download,whatsapp.com
4,https://business.whatsapp.com/,whatsapp.com
5,https://blog.whatsapp.com/,whatsapp.com
6,https://faq.whatsapp.com/,whatsapp.com
7,https://www.whatsapp.com/privacy,whatsapp.com
8,https://www.whatsapp.com/security,whatsapp.com
9,https://www.whatsapp.com/meta-ai,whatsapp.com
10,https://www.whatsapp.com/channels,whatsapp.com
